"Keyword","Average Searches","Average Clicks","Average CTR","Competition","Keyword Difficulty","Note","Character Count","Google Searches"
"wani sabi wall art prints brown","1,207","1,202","100","28","1","",31,"0"
"michael jackson png","833","1,077","129","187","1","",19,"1900"
"black owned wallpaper","888","884","100","170","1","",21,"210"
"world cup wall chart","118","126","107","27","1","",20,"590"
"trading card wall display","193","191","99","312","10","",25,"390"
"kinetic wall art","746","796","107","1,454","14","",16,"880"
"parametric wall art","968","1,168","121","2,082","17","",19,"390"
"michael jackson poster","230","296","129","510","17","",22,"8100"
"sculptural wall art","1,008","1,001","99","2,438","19","",19,"3600"
"ayatul kursi wall art","803","800","100","2,576","25","",21,"320"
"last supper wall art","1,213","1,209","100","3,935","26","",20,"480"
"disney cruise door decorations","791","773","98","3,028","29","",30,"2900"
"modern house numbers","1,342","1,404","105","5,318","30","",20,"6600"
"la la land","326","326","100","1,333","31","",10,"823000"
"islamic wall art ayatul kursi","639","644","101","2,813","32","",29,"50"
"dimensional wall art","1,198","1,165","97","6,003","35","",20,"1000"
"moss wall art","2,573","3,151","122","12,827","35","",13,"4400"
"porsche wall art","1,843","1,910","104","10,324","37","",16,"1000"
"blue heron wall art","1,095","1,086","99","6,334","38","",19,"390"
"driftwood wall art","1,111","1,066","96","7,336","41","",18,"4400"
"islamic wall art framed","673","691","103","5,184","44","",23,"260"
"judaica wall art","1,097","1,071","98","9,137","46","",16,"140"
"f1 wall art","1,390","1,570","113","11,691","46","",11,"1000"
"fruit of the spirit wall art","589","582","99","5,083","47","",28,"720"
"zippo lighters","525","532","101","4,773","48","",14,"90500"
"masculine wall art","1,563","1,725","110","17,083","52","",18,"2900"
"pressed flower wall art","888","885","100","9,986","53","",23,"390"
"sconce","2,400","3,034","126","27,947","53","",6,"60500"
"islamic wall art","3,489","3,959","113","40,692","53","",16,"3600"
"hydrangea wall art","1,381","1,491","108","17,317","55","",18,"1000"
"islamic wall art modern","604","600","99","7,657","55","",23,"10"
"custom song lyrics wall art","682","676","99","8,905","56","",27,"110"
"macrame wall art","1,159","1,160","100","15,107","56","",16,"1900"
"end of the year png","198","65","33","3,312","61","",19,"10"
"star wars props","133","111","83","4,336","76","",15,"880"
"tiger painting wall art","200","200","100","7,110","78","",23,"0"
